Name,Url
Alex Abrines,https://www.basketball-reference.com/players/a/abrinal01.html
Quincy Acy,https://www.basketball-reference.com/players/a/acyqu01.html
Steven Adams,https://www.basketball-reference.com/players/a/adamsst01.html
Bam Adebayo,https://www.basketball-reference.com/players/a/adebaba01.html
Arron Afflalo,https://www.basketball-reference.com/players/a/afflaar01.html
Cole Aldrich,https://www.basketball-reference.com/players/a/aldrico01.html
LaMarcus Aldridge,https://www.basketball-reference.com/players/a/aldrila01.html
Jarrett Allen,https://www.basketball-reference.com/players/a/allenja01.html
Kadeem Allen,https://www.basketball-reference.com/players/a/allenka01.html
Tony Allen,https://www.basketball-reference.com/players/a/allento01.html
Al-Farouq Aminu,https://www.basketball-reference.com/players/a/aminual01.html
Justin Anderson,https://www.basketball-reference.com/players/a/anderju01.html
Kyle Anderson,https://www.basketball-reference.com/players/a/anderky01.html
Ryan Anderson,https://www.basketball-reference.com/players/a/anderry01.html
Ike Anigbogu,https://www.basketball-reference.com/players/a/anigbik01.html
Giannis Antetokounmpo,https://www.basketball-reference.com/players/a/antetgi01.html
Carmelo Anthony,https://www.basketball-reference.com/players/a/anthoca01.html
OG Anunoby,https://www.basketball-reference.com/players/a/anunoog01.html
Ryan Arcidiacono,https://www.basketball-reference.com/players/a/arcidry01.html
Trevor Ariza,https://www.basketball-reference.com/players/a/arizatr01.html
Darrell Arthur,https://www.basketball-reference.com/players/a/arthuda01.html
Jamel Artis,https://www.basketball-reference.com/players/a/artisja01.html
Omer Asik,https://www.basketball-reference.com/players/a/asikom01.html
D.J. Augustin,https://www.basketball-reference.com/players/a/augusdj01.html
,
Luke Babbitt,https://www.basketball-reference.com/players/b/babbilu01.html
Dwayne Bacon,https://www.basketball-reference.com/players/b/bacondw01.html
Ron Baker,https://www.basketball-reference.com/players/b/bakerro01.html
Wade Baldwin,https://www.basketball-reference.com/players/b/baldwwa01.html
Lonzo Ball,https://www.basketball-reference.com/players/b/balllo01.html
J.J. Barea,https://www.basketball-reference.com/players/b/bareajo01.html
Harrison Barnes,https://www.basketball-reference.com/players/b/barneha02.html
Will Barton,https://www.basketball-reference.com/players/b/bartowi01.html
Nicolas Batum,https://www.basketball-reference.com/players/b/batumni01.html
Jerryd Bayless,https://www.basketball-reference.com/players/b/bayleje01.html
Aron Baynes,https://www.basketball-reference.com/players/b/baynear01.html
Kent Bazemore,https://www.basketball-reference.com/players/b/bazemke01.html
Bradley Beal,https://www.basketball-reference.com/players/b/bealbr01.html
Malik Beasley,https://www.basketball-reference.com/players/b/beaslma01.html
Michael Beasley,https://www.basketball-reference.com/players/b/beaslmi01.html
Marco Belinelli,https://www.basketball-reference.com/players/b/belinma01.html
Jordan Bell,https://www.basketball-reference.com/players/b/belljo01.html
DeAndre' Bembry,https://www.basketball-reference.com/players/b/bembrde01.html
Dragan Bender,https://www.basketball-reference.com/players/b/bendedr01.html
Davis Bertans,https://www.basketball-reference.com/players/b/bertada01.html
Patrick Beverley,https://www.basketball-reference.com/players/b/beverpa01.html
Khem Birch,https://www.basketball-reference.com/players/b/birchkh01.html
Jabari Bird,https://www.basketball-reference.com/players/b/birdja01.html
Bismack Biyombo,https://www.basketball-reference.com/players/b/biyombi01.html
Nemanja Bjelica,https://www.basketball-reference.com/players/b/bjeline01.html
Tarik Black,https://www.basketball-reference.com/players/b/blackta01.html
Antonio Blakeney,https://www.basketball-reference.com/players/b/blakean01.html
Eric Bledsoe,https://www.basketball-reference.com/players/b/bledser01.html
Vander Blue,https://www.basketball-reference.com/players/b/blueva01.html
Bogdan Bogdanovic,https://www.basketball-reference.com/players/b/bogdabo01.html
Bojan Bogdanovic,https://www.basketball-reference.com/players/b/bogdabo02.html
Andrew Bogut,https://www.basketball-reference.com/players/b/bogutan01.html
Joel Bolomboy,https://www.basketball-reference.com/players/b/bolomjo01.html
Devin Booker,https://www.basketball-reference.com/players/b/bookede01.html
Trevor Booker,https://www.basketball-reference.com/players/b/booketr01.html
Chris Boucher,https://www.basketball-reference.com/players/b/bouchch01.html
Avery Bradley,https://www.basketball-reference.com/players/b/bradlav01.html
Tony Bradley,https://www.basketball-reference.com/players/b/bradlto01.html
Corey Brewer,https://www.basketball-reference.com/players/b/breweco01.html
Malcolm Brogdon,https://www.basketball-reference.com/players/b/brogdma01.html
Aaron Brooks,https://www.basketball-reference.com/players/b/brookaa01.html
Dillon Brooks,https://www.basketball-reference.com/players/b/brookdi01.html
MarShon Brooks,https://www.basketball-reference.com/players/b/brookma01.html
Anthony Brown,https://www.basketball-reference.com/players/b/brownan02.html
Bobby Brown,https://www.basketball-reference.com/players/b/brownbo02.html
Jaylen Brown,https://www.basketball-reference.com/players/b/brownja02.html
Lorenzo Brown,https://www.basketball-reference.com/players/b/brownlo01.html
Markel Brown,https://www.basketball-reference.com/players/b/brownma02.html
Sterling Brown,https://www.basketball-reference.com/players/b/brownst02.html
Nicolas Brussino,https://www.basketball-reference.com/players/b/brussni01.html
Thomas Bryant,https://www.basketball-reference.com/players/b/bryanth01.html
Reggie Bullock,https://www.basketball-reference.com/players/b/bullore01.html
Trey Burke,https://www.basketball-reference.com/players/b/burketr01.html
Alec Burks,https://www.basketball-reference.com/players/b/burksal01.html
Jimmy Butler,https://www.basketball-reference.com/players/b/butleji01.html
Dwight Buycks,https://www.basketball-reference.com/players/b/buyckdw01.html
,
Bruno Caboclo,https://www.basketball-reference.com/players/c/cabocbr01.html
Jose Calderon,https://www.basketball-reference.com/players/c/caldejo01.html
Kentavious Caldwell-Pope,https://www.basketball-reference.com/players/c/caldwke01.html
Isaiah Canaan,https://www.basketball-reference.com/players/c/canaais01.html
Clint Capela,https://www.basketball-reference.com/players/c/capelca01.html
DeMarre Carroll,https://www.basketball-reference.com/players/c/carrode01.html
Vince Carter,https://www.basketball-reference.com/players/c/cartevi01.html
Michael Carter-Williams,https://www.basketball-reference.com/players/c/cartemi01.html
Alex Caruso,https://www.basketball-reference.com/players/c/carusal01.html
Omri Casspi,https://www.basketball-reference.com/players/c/casspom01.html
Willie Cauley-Stein,https://www.basketball-reference.com/players/c/caulewi01.html
Tyler Cavanaugh,https://www.basketball-reference.com/players/c/cavanty01.html
Mario Chalmers,https://www.basketball-reference.com/players/c/chalmma01.html
Tyson Chandler,https://www.basketball-reference.com/players/c/chandty01.html
Wilson Chandler,https://www.basketball-reference.com/players/c/chandwi01.html
Marquese Chriss,https://www.basketball-reference.com/players/c/chrisma01.html
Ian Clark,https://www.basketball-reference.com/players/c/clarkia01.html
Jordan Clarkson,https://www.basketball-reference.com/players/c/clarkjo01.html
Gian Clavell,https://www.basketball-reference.com/players/c/clavegi01.html
Antonius Cleveland,https://www.basketball-reference.com/players/c/clevean01.html
John Collins,https://www.basketball-reference.com/players/c/collijo01.html
Zach Collins,https://www.basketball-reference.com/players/c/colliza01.html
Kyle Collinsworth,https://www.basketball-reference.com/players/c/colliky01.html
Darren Collison,https://www.basketball-reference.com/players/c/collida01.html
Nick Collison,https://www.basketball-reference.com/players/c/collini01.html
Mike Conley,https://www.basketball-reference.com/players/c/conlemi01.html
Pat Connaughton,https://www.basketball-reference.com/players/c/connapa01.html
Quinn Cook,https://www.basketball-reference.com/players/c/cookqu01.html
Charles Cooke,https://www.basketball-reference.com/players/c/cookech01.html
Jack Cooley,https://www.basketball-reference.com/players/c/cooleja01.html
Matt Costello,https://www.basketball-reference.com/players/c/costema01.html
DeMarcus Cousins,https://www.basketball-reference.com/players/c/couside01.html
Robert Covington,https://www.basketball-reference.com/players/c/covinro01.html
Allen Crabbe,https://www.basketball-reference.com/players/c/crabbal01.html
Torrey Craig,https://www.basketball-reference.com/players/c/craigto01.html
Jamal Crawford,https://www.basketball-reference.com/players/c/crawfja01.html
Jordan Crawford,https://www.basketball-reference.com/players/c/crawfjo02.html
Jae Crowder,https://www.basketball-reference.com/players/c/crowdja01.html
Dante Cunningham,https://www.basketball-reference.com/players/c/cunnida01.html
Stephen Curry,https://www.basketball-reference.com/players/c/curryst01.html
,
Troy Daniels,https://www.basketball-reference.com/players/d/danietr01.html
Anthony Davis,https://www.basketball-reference.com/players/d/davisan02.html
Deyonta Davis,https://www.basketball-reference.com/players/d/davisde01.html
Ed Davis,https://www.basketball-reference.com/players/d/davised01.html
Dewayne Dedmon,https://www.basketball-reference.com/players/d/dedmode01.html
Sam Dekker,https://www.basketball-reference.com/players/d/dekkesa01.html
Malcolm Delaney,https://www.basketball-reference.com/players/d/delanma01.html
Matthew Dellavedova,https://www.basketball-reference.com/players/d/dellama01.html
Luol Deng,https://www.basketball-reference.com/players/d/denglu01.html
DeMar DeRozan,https://www.basketball-reference.com/players/d/derozde01.html
Cheick Diallo,https://www.basketball-reference.com/players/d/diallch01.html
Gorgui Dieng,https://www.basketball-reference.com/players/d/dienggo01.html
Spencer Dinwiddie,https://www.basketball-reference.com/players/d/dinwisp01.html
Tyler Dorsey,https://www.basketball-reference.com/players/d/dorsety01.html
Damyean Dotson,https://www.basketball-reference.com/players/d/dotsoda01.html
Milton Doyle,https://www.basketball-reference.com/players/d/doylemi01.html
PJ Dozier,https://www.basketball-reference.com/players/d/doziepj01.html
Goran Dragic,https://www.basketball-reference.com/players/d/dragigo01.html
Larry Drew,https://www.basketball-reference.com/players/d/drewla01.html
Andre Drummond,https://www.basketball-reference.com/players/d/drewla02.html
Jared Dudley,https://www.basketball-reference.com/players/d/drumman01.html
Kris Dunn,https://www.basketball-reference.com/players/d/dudleja01.html
Kevin Durant,https://www.basketball-reference.com/players/d/dunnkr01.html
,
Jarell Eddie,https://www.basketball-reference.com/players/e/eddieja01.html
Henry Ellenson,https://www.basketball-reference.com/players/e/ellenhe01.html
Wayne Ellington,https://www.basketball-reference.com/players/e/ellinwa01.html
Joel Embiid,https://www.basketball-reference.com/players/e/embiijo01.html
James Ennis,https://www.basketball-reference.com/players/e/ennisja01.html
Tyler Ennis,https://www.basketball-reference.com/players/e/ennisty01.html
Jawun Evans,https://www.basketball-reference.com/players/e/evansja01.html
Jeremy Evans,https://www.basketball-reference.com/players/e/evansje01.html
Tyreke Evans,https://www.basketball-reference.com/players/e/evansty01.html
Dante Exum,https://www.basketball-reference.com/players/e/exumda01.html
,
Kenneth Faried,https://www.basketball-reference.com/players/f/farieke01.html
Derrick Favors,https://www.basketball-reference.com/players/f/favorde01.html
Kay Felder,https://www.basketball-reference.com/players/f/feldeka01.html
Cristiano Felicio,https://www.basketball-reference.com/players/f/feliccr01.html
Raymond Felton,https://www.basketball-reference.com/players/f/feltora01.html
Terrance Ferguson,https://www.basketball-reference.com/players/f/fergute01.html
Yogi Ferrell,https://www.basketball-reference.com/players/f/ferreyo01.html
Dorian Finney-Smith,https://www.basketball-reference.com/players/f/finnedo01.html
Bryn Forbes,https://www.basketball-reference.com/players/f/forbebr01.html
Evan Fournier,https://www.basketball-reference.com/players/f/fournev01.html
De'Aaron Fox,https://www.basketball-reference.com/players/f/foxde01.html
Tim Frazier,https://www.basketball-reference.com/players/f/fraziti01.html
Channing Frye,https://www.basketball-reference.com/players/f/fryech01.html
Markelle Fultz,https://www.basketball-reference.com/players/f/fultzma01.html
,
Danilo Gallinari,https://www.basketball-reference.com/players/g/gallida01.html
Langston Galloway,https://www.basketball-reference.com/players/g/gallola01.html
Marc Gasol,https://www.basketball-reference.com/players/g/gasolma01.html
Pau Gasol,https://www.basketball-reference.com/players/g/gasolpa01.html
Rudy Gay,https://www.basketball-reference.com/players/g/gayru01.html
Paul George,https://www.basketball-reference.com/players/g/georgpa01.html
Marcus Georges-Hunt,https://www.basketball-reference.com/players/g/georgma01.html
Jonathan Gibson,https://www.basketball-reference.com/players/g/gibsojo01.html
Taj Gibson,https://www.basketball-reference.com/players/g/gibsota01.html
Manu Ginobili,https://www.basketball-reference.com/players/g/ginobma01.html
Rudy Gobert,https://www.basketball-reference.com/players/g/goberru01.html
Aaron Gordon,https://www.basketball-reference.com/players/g/gordoaa01.html
Eric Gordon,https://www.basketball-reference.com/players/g/gordoer01.html
Marcin Gortat,https://www.basketball-reference.com/players/g/gortama01.html
Treveon Graham,https://www.basketball-reference.com/players/g/grahatr01.html
Jerami Grant,https://www.basketball-reference.com/players/g/grantje01.html
Jerian Grant,https://www.basketball-reference.com/players/g/grantje02.html
Josh Gray,https://www.basketball-reference.com/players/g/grayjo01.html
Danny Green,https://www.basketball-reference.com/players/g/greenda02.html
Draymond Green,https://www.basketball-reference.com/players/g/greendr01.html
Gerald Green,https://www.basketball-reference.com/players/g/greenge01.html
JaMychal Green,https://www.basketball-reference.com/players/g/greenja01.html
Jeff Green,https://www.basketball-reference.com/players/g/greenje02.html
Blake Griffin,https://www.basketball-reference.com/players/g/griffbl01.html
,
Daniel Hamilton,https://www.basketball-reference.com/players/h/hamilda02.html
Tim Hardaway,https://www.basketball-reference.com/players/h/hardati01.html
James Harden,https://www.basketball-reference.com/players/h/hardati02.html
Maurice Harkless,https://www.basketball-reference.com/players/h/hardeja01.html
Montrezl Harrell,https://www.basketball-reference.com/players/h/harklma01.html
Devin Harris,https://www.basketball-reference.com/players/h/harremo01.html
Gary Harris,https://www.basketball-reference.com/players/h/harride01.html
Joe Harris,https://www.basketball-reference.com/players/h/harriga01.html
Tobias Harris,https://www.basketball-reference.com/players/h/harrijo01.html
Aaron Harrison,https://www.basketball-reference.com/players/h/harrito02.html
Andrew Harrison,https://www.basketball-reference.com/players/h/harriaa01.html
Shaquille Harrison,https://www.basketball-reference.com/players/h/harrian01.html
Josh Hart,https://www.basketball-reference.com/players/h/harrish01.html
Udonis Haslem,https://www.basketball-reference.com/players/h/hartjo01.html
Nigel Hayes,https://www.basketball-reference.com/players/h/hasleud01.html
Gordon Hayward,https://www.basketball-reference.com/players/h/hayesni01.html
Reggie Hearn,https://www.basketball-reference.com/players/h/haywago01.html
Myke Henry,https://www.basketball-reference.com/players/h/hearnre01.html
John Henson,https://www.basketball-reference.com/players/h/henrymy01.html
Juan Hernangomez,https://www.basketball-reference.com/players/h/hensojo01.html
Willy Hernangomez,https://www.basketball-reference.com/players/h/hernaju01.html
Mario Hezonja,https://www.basketball-reference.com/players/h/hernawi01.html
Isaiah Hicks,https://www.basketball-reference.com/players/h/hezonma01.html
Buddy Hield,https://www.basketball-reference.com/players/h/hicksis01.html
Nene Hilario,https://www.basketball-reference.com/players/h/hieldbu01.html
George Hill,https://www.basketball-reference.com/players/h/hilarne01.html
Solomon Hill,https://www.basketball-reference.com/players/h/hillge01.html
Darrun Hilliard,https://www.basketball-reference.com/players/h/hillso01.html
Jrue Holiday,https://www.basketball-reference.com/players/h/hillida01.html
Justin Holiday,https://www.basketball-reference.com/players/h/holidjr01.html
John Holland,https://www.basketball-reference.com/players/h/holidju01.html
Rondae Hollis-Jefferson,https://www.basketball-reference.com/players/h/hollajo02.html
Richaun Holmes,https://www.basketball-reference.com/players/h/holliro01.html
Rodney Hood,https://www.basketball-reference.com/players/h/holmeri01.html
Scotty Hopson,https://www.basketball-reference.com/players/h/hoodro01.html
Al Horford,https://www.basketball-reference.com/players/h/hopsosc01.html
Danuel House,https://www.basketball-reference.com/players/h/horfoal01.html
Dwight Howard,https://www.basketball-reference.com/players/h/houseda01.html
Josh Huestis,https://www.basketball-reference.com/players/h/howardw01.html
R.J. Hunter,https://www.basketball-reference.com/players/h/huestjo01.html
Vince Hunter,https://www.basketball-reference.com/players/h/hunterj01.html
,
Serge Ibaka,https://www.basketball-reference.com/players/i/ibakase01.html
Andre Iguodala,https://www.basketball-reference.com/players/i/iguodan01.html
Ersan Ilyasova,https://www.basketball-reference.com/players/i/ilyaser01.html
Joe Ingles,https://www.basketball-reference.com/players/i/inglejo01.html
Andre Ingram,https://www.basketball-reference.com/players/i/ingraan01.html
Brandon Ingram,https://www.basketball-reference.com/players/i/ingrabr01.html
Kyrie Irving,https://www.basketball-reference.com/players/i/irvinky01.html
Jonathan Isaac,https://www.basketball-reference.com/players/i/isaacjo01.html
Wesley Iwundu,https://www.basketball-reference.com/players/i/iwundwe01.html
,
Jarrett Jack,https://www.basketball-reference.com/players/j/jackja01.html
Aaron Jackson,https://www.basketball-reference.com/players/j/jacksaa01.html
Demetrius Jackson,https://www.basketball-reference.com/players/j/jacksde01.html
Josh Jackson,https://www.basketball-reference.com/players/j/jacksjo02.html
Justin Jackson,https://www.basketball-reference.com/players/j/jacksju01.html
Reggie Jackson,https://www.basketball-reference.com/players/j/jacksre01.html
LeBron James,https://www.basketball-reference.com/players/j/jamesle01.html
Mike James,https://www.basketball-reference.com/players/j/jamesmi01.html
Al Jefferson,https://www.basketball-reference.com/players/j/jamesmi02.html
Richard Jefferson,https://www.basketball-reference.com/players/j/jeffeal01.html
Brandon Jennings,https://www.basketball-reference.com/players/j/jefferi01.html
Jonas Jerebko,https://www.basketball-reference.com/players/j/jennibr01.html
Amir Johnson,https://www.basketball-reference.com/players/j/jerebjo01.html
Brice Johnson,https://www.basketball-reference.com/players/j/johnsam01.html
Dakari Johnson,https://www.basketball-reference.com/players/j/johnsbr02.html
James Johnson,https://www.basketball-reference.com/players/j/johnsda04.html
Joe Johnson,https://www.basketball-reference.com/players/j/johnsja01.html
Omari Johnson,https://www.basketball-reference.com/players/j/johnsjo02.html
Stanley Johnson,https://www.basketball-reference.com/players/j/johnsom01.html
Tyler Johnson,https://www.basketball-reference.com/players/j/johnsst04.html
Wesley Johnson,https://www.basketball-reference.com/players/j/johnsty01.html
Nikola Jokic,https://www.basketball-reference.com/players/j/johnswe01.html
Damian Jones,https://www.basketball-reference.com/players/j/jokicni01.html
Derrick Jones,https://www.basketball-reference.com/players/j/jonesda03.html
Jalen Jones,https://www.basketball-reference.com/players/j/jonesde02.html
Tyus Jones,https://www.basketball-reference.com/players/j/jonesja04.html
DeAndre Jordan,https://www.basketball-reference.com/players/j/jonesty01.html
Cory Joseph,https://www.basketball-reference.com/players/j/jordade01.html
,
Frank Kaminsky,https://www.basketball-reference.com/players/k/kaminfr01.html
Enes Kanter,https://www.basketball-reference.com/players/k/kanteen01.html
Luke Kennard,https://www.basketball-reference.com/players/k/kennalu01.html
Michael Kidd-Gilchrist,https://www.basketball-reference.com/players/k/kiddgmi01.html
Sean Kilpatrick,https://www.basketball-reference.com/players/k/kilpase01.html
Maxi Kleber,https://www.basketball-reference.com/players/k/klebima01.html
Furkan Korkmaz,https://www.basketball-reference.com/players/k/korkmfu01.html
Luke Kornet,https://www.basketball-reference.com/players/k/kornelu01.html
Kyle Korver,https://www.basketball-reference.com/players/k/korveky01.html
Kosta Koufos,https://www.basketball-reference.com/players/k/koufoko01.html
Kyle Kuzma,https://www.basketball-reference.com/players/k/kuzmaky01.html
Mindaugas Kuzminskas,https://www.basketball-reference.com/players/k/kuzmimi01.html
,
Skal Labissiere,https://www.basketball-reference.com/players/l/labissk01.html
Jeremy Lamb,https://www.basketball-reference.com/players/l/lambje01.html
Shane Larkin,https://www.basketball-reference.com/players/l/larkish01.html
Joffrey Lauvergne,https://www.basketball-reference.com/players/l/lauvejo01.html
Zach LaVine,https://www.basketball-reference.com/players/l/lavinza01.html
Jake Layman,https://www.basketball-reference.com/players/l/laymaja01.html
T.J. Leaf,https://www.basketball-reference.com/players/l/leaftj01.html
Courtney Lee,https://www.basketball-reference.com/players/l/leeco01.html
Damion Lee,https://www.basketball-reference.com/players/l/leeda03.html
"Walt Lemon, Jr.",https://www.basketball-reference.com/players/l/lemonwa01.html
Alex Len,https://www.basketball-reference.com/players/l/lenal01.html
Kawhi Leonard,https://www.basketball-reference.com/players/l/leonaka01.html
Meyers Leonard,https://www.basketball-reference.com/players/l/leoname01.html
Jon Leuer,https://www.basketball-reference.com/players/l/leuerjo01.html
Caris LeVert,https://www.basketball-reference.com/players/l/leverca01.html
DeAndre Liggins,https://www.basketball-reference.com/players/l/liggide01.html
Damian Lillard,https://www.basketball-reference.com/players/l/lillada01.html
Jeremy Lin,https://www.basketball-reference.com/players/l/linje01.html
Shaun Livingston,https://www.basketball-reference.com/players/l/livinsh01.html
Kevon Looney,https://www.basketball-reference.com/players/l/looneke01.html
Brook Lopez,https://www.basketball-reference.com/players/l/lopezbr01.html
Robin Lopez,https://www.basketball-reference.com/players/l/lopezro01.html
Kevin Love,https://www.basketball-reference.com/players/l/loveke01.html
Kyle Lowry,https://www.basketball-reference.com/players/l/lowryky01.html
Timothe Luwawu-Cabarrot,https://www.basketball-reference.com/players/l/luwawti01.html
Tyler Lydon,https://www.basketball-reference.com/players/l/lydonty01.html
Trey Lyles,https://www.basketball-reference.com/players/l/lylestr01.html
,
Shelvin Mack,https://www.basketball-reference.com/players/m/macksh01.html
Josh Magette,https://www.basketball-reference.com/players/m/magetjo01.html
Ian Mahinmi,https://www.basketball-reference.com/players/m/mahinia01.html
Thon Maker,https://www.basketball-reference.com/players/m/makerth01.html
Boban Marjanovic,https://www.basketball-reference.com/players/m/marjabo01.html
Lauri Markkanen,https://www.basketball-reference.com/players/m/markkla01.html
Jarell Martin,https://www.basketball-reference.com/players/m/martija01.html
Frank Mason,https://www.basketball-reference.com/players/m/masonfr01.html
Mangok Mathiang,https://www.basketball-reference.com/players/m/mathima01.html
Wesley Matthews,https://www.basketball-reference.com/players/m/matthwe02.html
Luc Mbah a Moute,https://www.basketball-reference.com/players/m/mbahalu01.html
James Michael McAdoo,https://www.basketball-reference.com/players/m/mcadoja01.html
Patrick McCaw,https://www.basketball-reference.com/players/m/mccawpa01.html
CJ McCollum,https://www.basketball-reference.com/players/m/mccolcj01.html
T.J. McConnell,https://www.basketball-reference.com/players/m/mccontj01.html
Erik McCree,https://www.basketball-reference.com/players/m/mccreer01.html
Chris McCullough,https://www.basketball-reference.com/players/m/mcculch01.html
Doug McDermott,https://www.basketball-reference.com/players/m/mcderdo01.html
JaVale McGee,https://www.basketball-reference.com/players/m/mcgeeja01.html
Rodney McGruder,https://www.basketball-reference.com/players/m/mcgruro01.html
Trey McKinney-Jones,https://www.basketball-reference.com/players/m/mckintr01.html
Alfonzo McKinnie,https://www.basketball-reference.com/players/m/mckinal01.html
Ben McLemore,https://www.basketball-reference.com/players/m/mclembe01.html
Josh McRoberts,https://www.basketball-reference.com/players/m/mcrobjo01.html
Jodie Meeks,https://www.basketball-reference.com/players/m/meeksjo01.html
Salah Mejri,https://www.basketball-reference.com/players/m/mejrisa01.html
Jordan Mickey,https://www.basketball-reference.com/players/m/mickejo01.html
Khris Middleton,https://www.basketball-reference.com/players/m/middlkh01.html
C.J. Miles,https://www.basketball-reference.com/players/m/milescj01.html
Darius Miller,https://www.basketball-reference.com/players/m/milleda01.html
Malcolm Miller,https://www.basketball-reference.com/players/m/millema01.html
Patty Mills,https://www.basketball-reference.com/players/m/millspa02.html
Paul Millsap,https://www.basketball-reference.com/players/m/millspa01.html
Nikola Mirotic,https://www.basketball-reference.com/players/m/mirotni01.html
Donovan Mitchell,https://www.basketball-reference.com/players/m/mitchdo01.html
Naz Mitrou-Long,https://www.basketball-reference.com/players/m/mitrona01.html
Malik Monk,https://www.basketball-reference.com/players/m/monkma01.html
Greg Monroe,https://www.basketball-reference.com/players/m/monrogr01.html
Luis Montero,https://www.basketball-reference.com/players/m/montelu01.html
Ben Moore,https://www.basketball-reference.com/players/m/moorebe01.html
E'Twaun Moore,https://www.basketball-reference.com/players/m/mooreet01.html
Eric Moreland,https://www.basketball-reference.com/players/m/moreler01.html
Jaylen Morris,https://www.basketball-reference.com/players/m/morrija01.html
Marcus Morris,https://www.basketball-reference.com/players/m/morrima03.html
Markieff Morris,https://www.basketball-reference.com/players/m/morrima02.html
Monte Morris,https://www.basketball-reference.com/players/m/morrimo01.html
Johnathan Motley,https://www.basketball-reference.com/players/m/motlejo01.html
Timofey Mozgov,https://www.basketball-reference.com/players/m/mozgoti01.html
Emmanuel Mudiay,https://www.basketball-reference.com/players/m/mudiaem01.html
Shabazz Muhammad,https://www.basketball-reference.com/players/m/muhamsh01.html
Xavier Munford,https://www.basketball-reference.com/players/m/munfoxa02.html
Dejounte Murray,https://www.basketball-reference.com/players/m/murrade01.html
Jamal Murray,https://www.basketball-reference.com/players/m/murraja01.html
Mike Muscala,https://www.basketball-reference.com/players/m/muscami01.html
,
Abdel Nader,https://www.basketball-reference.com/players/n/naderab01.html
Larry Nance,https://www.basketball-reference.com/players/n/nancela01.html
Shabazz Napier,https://www.basketball-reference.com/players/n/nancela02.html
Jameer Nelson,https://www.basketball-reference.com/players/n/napiesh01.html
Raul Neto,https://www.basketball-reference.com/players/n/nelsoja01.html
Georges Niang,https://www.basketball-reference.com/players/n/netora01.html
Joakim Noah,https://www.basketball-reference.com/players/n/niangge01.html
Nerlens Noel,https://www.basketball-reference.com/players/n/noahjo01.html
Lucas Nogueira,https://www.basketball-reference.com/players/n/noelne01.html
Dirk Nowitzki,https://www.basketball-reference.com/players/n/noguelu01.html
Frank Ntilikina,https://www.basketball-reference.com/players/n/nowitdi01.html
Jusuf Nurkic,https://www.basketball-reference.com/players/n/ntilila01.html
David Nwaba,https://www.basketball-reference.com/players/n/nurkiju01.html
,
Johnny O'Bryant,https://www.basketball-reference.com/players/o/obryajo01.html
Royce O'Neale,https://www.basketball-reference.com/players/o/onealro01.html
Kyle O'Quinn,https://www.basketball-reference.com/players/o/oquinky01.html
Semi Ojeleye,https://www.basketball-reference.com/players/o/ojelese01.html
Emeka Okafor,https://www.basketball-reference.com/players/o/okafoem01.html
Jahlil Okafor,https://www.basketball-reference.com/players/o/okafoja01.html
Victor Oladipo,https://www.basketball-reference.com/players/o/oladivi01.html
Kelly Olynyk,https://www.basketball-reference.com/players/o/olynyke01.html
Chinanu Onuaku,https://www.basketball-reference.com/players/o/onuakch01.html
Cedi Osman,https://www.basketball-reference.com/players/o/osmande01.html
Kelly Oubre,https://www.basketball-reference.com/players/o/oubreke01.html
,
Zaza Pachulia,https://www.basketball-reference.com/players/p/pachuza01.html
Marcus Paige,https://www.basketball-reference.com/players/p/paigema01.html
Georgios Papagiannis,https://www.basketball-reference.com/players/p/papagge01.html
Jabari Parker,https://www.basketball-reference.com/players/p/parkeja01.html
Tony Parker,https://www.basketball-reference.com/players/p/parketo01.html
Chandler Parsons,https://www.basketball-reference.com/players/p/parsoch01.html
Patrick Patterson,https://www.basketball-reference.com/players/p/pattepa01.html
Justin Patton,https://www.basketball-reference.com/players/p/pattoju01.html
Brandon Paul,https://www.basketball-reference.com/players/p/paulbr01.html
Chris Paul,https://www.basketball-reference.com/players/p/paulch01.html
Adreian Payne,https://www.basketball-reference.com/players/p/paynead01.html
Cameron Payne,https://www.basketball-reference.com/players/p/payneca01.html
Elfrid Payton,https://www.basketball-reference.com/players/p/paytoel01.html
Gary Payton,https://www.basketball-reference.com/players/p/paytoga01.html
Kendrick Perkins,https://www.basketball-reference.com/players/p/paytoga02.html
London Perrantes,https://www.basketball-reference.com/players/p/perkike01.html
Alec Peters,https://www.basketball-reference.com/players/p/perralo01.html
Marshall Plumlee,https://www.basketball-reference.com/players/p/peteral01.html
Mason Plumlee,https://www.basketball-reference.com/players/p/plumlma02.html
Miles Plumlee,https://www.basketball-reference.com/players/p/plumlma01.html
Jakob Poeltl,https://www.basketball-reference.com/players/p/plumlmi01.html
Quincy Pondexter,https://www.basketball-reference.com/players/p/poeltja01.html
Otto Porter,https://www.basketball-reference.com/players/p/pondequ01.html
Bobby Portis,https://www.basketball-reference.com/players/p/porteot01.html
Kristaps Porzingis,https://www.basketball-reference.com/players/p/portibo01.html
Dwight Powell,https://www.basketball-reference.com/players/p/porzikr01.html
Norman Powell,https://www.basketball-reference.com/players/p/poweldw01.html
Alex Poythress,https://www.basketball-reference.com/players/p/powelno01.html
Jacob Pullen,https://www.basketball-reference.com/players/p/poythal01.html
Rodney Purvis,https://www.basketball-reference.com/players/p/pulleja01.html
,
Zhou Qi,https://www.basketball-reference.com/players/q/qizh01.html
Tim Quarterman,https://www.basketball-reference.com/players/q/quartti01.html
,
Ivan Rabb,https://www.basketball-reference.com/players/r/rabbiv01.html
Julius Randle,https://www.basketball-reference.com/players/r/randlju01.html
Zach Randolph,https://www.basketball-reference.com/players/r/randoza01.html
Xavier Rathan-Mayes,https://www.basketball-reference.com/players/r/rathaxa01.html
J.J. Redick,https://www.basketball-reference.com/players/r/redicjj01.html
Davon Reed,https://www.basketball-reference.com/players/r/reedda01.html
Willie Reed,https://www.basketball-reference.com/players/r/reedwi02.html
Josh Richardson,https://www.basketball-reference.com/players/r/richajo01.html
Malachi Richardson,https://www.basketball-reference.com/players/r/richama01.html
Austin Rivers,https://www.basketball-reference.com/players/r/riverau01.html
Andre Roberson,https://www.basketball-reference.com/players/r/roberan03.html
Devin Robinson,https://www.basketball-reference.com/players/r/robinde01.html
Glenn Robinson,https://www.basketball-reference.com/players/r/robingl01.html
Rajon Rondo,https://www.basketball-reference.com/players/r/robingl02.html
Derrick Rose,https://www.basketball-reference.com/players/r/rondora01.html
Terrence Ross,https://www.basketball-reference.com/players/r/rosede01.html
Terry Rozier,https://www.basketball-reference.com/players/r/rosste01.html
Ricky Rubio,https://www.basketball-reference.com/players/r/roziete01.html
D'Angelo Russell,https://www.basketball-reference.com/players/r/rubiori01.html
,
Domantas Sabonis,https://www.basketball-reference.com/players/s/sabondo01.html
JaKarr Sampson,https://www.basketball-reference.com/players/s/sampsja02.html
Dario Saric,https://www.basketball-reference.com/players/s/saricda01.html
Tomas Satoransky,https://www.basketball-reference.com/players/s/satorto01.html
Dennis Schroder,https://www.basketball-reference.com/players/s/schrode01.html
Mike Scott,https://www.basketball-reference.com/players/s/scottmi01.html
Thabo Sefolosha,https://www.basketball-reference.com/players/s/sefolth01.html
Wayne Selden,https://www.basketball-reference.com/players/s/seldewa01.html
Ramon Sessions,https://www.basketball-reference.com/players/s/sessira01.html
Iman Shumpert,https://www.basketball-reference.com/players/s/shumpim01.html
Pascal Siakam,https://www.basketball-reference.com/players/s/siakapa01.html
Xavier Silas,https://www.basketball-reference.com/players/s/silasxa01.html
Ben Simmons,https://www.basketball-reference.com/players/s/simmobe01.html
Jonathon Simmons,https://www.basketball-reference.com/players/s/simmojo02.html
Kobi Simmons,https://www.basketball-reference.com/players/s/simmoko01.html
Kyle Singler,https://www.basketball-reference.com/players/s/singlky01.html
Marcus Smart,https://www.basketball-reference.com/players/s/smartma01.html
Dennis Smith,https://www.basketball-reference.com/players/s/smithde03.html
Ish Smith,https://www.basketball-reference.com/players/s/smithis01.html
J.R. Smith,https://www.basketball-reference.com/players/s/smithjr01.html
Jason Smith,https://www.basketball-reference.com/players/s/smithja02.html
Josh Smith,https://www.basketball-reference.com/players/s/smithjo03.html
Tony Snell,https://www.basketball-reference.com/players/s/snellto01.html
Marreese Speights,https://www.basketball-reference.com/players/s/speigma01.html
Nik Stauskas,https://www.basketball-reference.com/players/s/stausni01.html
Lance Stephenson,https://www.basketball-reference.com/players/s/stephla01.html
David Stockton,https://www.basketball-reference.com/players/s/stockda01.html
Julyan Stone,https://www.basketball-reference.com/players/s/stoneju01.html
Edmond Sumner,https://www.basketball-reference.com/players/s/sumneed01.html
Caleb Swanigan,https://www.basketball-reference.com/players/s/swanica01.html
,
Jayson Tatum,https://www.basketball-reference.com/players/t/tatumja01.html
Isaiah Taylor,https://www.basketball-reference.com/players/t/taylois01.html
Jeff Teague,https://www.basketball-reference.com/players/t/teaguje01.html
Marquis Teague,https://www.basketball-reference.com/players/t/teaguma01.html
Mirza Teletovic,https://www.basketball-reference.com/players/t/teletmi01.html
Garrett Temple,https://www.basketball-reference.com/players/t/templga01.html
Milos Teodosic,https://www.basketball-reference.com/players/t/teodomi01.html
Jason Terry,https://www.basketball-reference.com/players/t/terryja01.html
Daniel Theis,https://www.basketball-reference.com/players/t/theisda01.html
Isaiah Thomas,https://www.basketball-reference.com/players/t/thomais02.html
Lance Thomas,https://www.basketball-reference.com/players/t/thomala01.html
Klay Thompson,https://www.basketball-reference.com/players/t/thompkl01.html
Tristan Thompson,https://www.basketball-reference.com/players/t/thomptr01.html
Sindarius Thornwell,https://www.basketball-reference.com/players/t/thornsi01.html
Anthony Tolliver,https://www.basketball-reference.com/players/t/tollian01.html
Karl-Anthony Towns,https://www.basketball-reference.com/players/t/townska01.html
P.J. Tucker,https://www.basketball-reference.com/players/t/tuckepj01.html
Evan Turner,https://www.basketball-reference.com/players/t/turneev01.html
Myles Turner,https://www.basketball-reference.com/players/t/turnemy01.html
,
Ekpe Udoh,https://www.basketball-reference.com/players/u/udohek01.html
Tyler Ulis,https://www.basketball-reference.com/players/u/ulisty01.html
,
Jonas Valanciunas,https://www.basketball-reference.com/players/v/valanjo01.html
Denzel Valentine,https://www.basketball-reference.com/players/v/valende01.html
Fred VanVleet,https://www.basketball-reference.com/players/v/vanvlfr01.html
Rashad Vaughn,https://www.basketball-reference.com/players/v/vaughra01.html
Noah Vonleh,https://www.basketball-reference.com/players/v/vonleno01.html
Nikola Vucevic,https://www.basketball-reference.com/players/v/vucevni01.html
,
Dwyane Wade,https://www.basketball-reference.com/players/w/wadedw01.html
Dion Waiters,https://www.basketball-reference.com/players/w/waitedi01.html
Kemba Walker,https://www.basketball-reference.com/players/w/walkeke02.html
John Wall,https://www.basketball-reference.com/players/w/walljo01.html
Tyrone Wallace,https://www.basketball-reference.com/players/w/wallaty01.html
Taurean Waller-Prince,https://www.basketball-reference.com/players/p/princta02.html
Derrick Walton,https://www.basketball-reference.com/players/w/waltode01.html
Jameel Warney,https://www.basketball-reference.com/players/w/warneja01.html
T.J. Warren,https://www.basketball-reference.com/players/w/warretj01.html
Travis Wear,https://www.basketball-reference.com/players/w/weartr01.html
James Webb,https://www.basketball-reference.com/players/w/webbja01.html
Briante Weber,https://www.basketball-reference.com/players/w/weberbr01.html
David West,https://www.basketball-reference.com/players/w/westda01.html
Russell Westbrook,https://www.basketball-reference.com/players/w/westbru01.html
Andrew White,https://www.basketball-reference.com/players/w/whitean01.html
Derrick White,https://www.basketball-reference.com/players/w/whitede01.html
Okaro White,https://www.basketball-reference.com/players/w/whiteok01.html
Isaiah Whitehead,https://www.basketball-reference.com/players/w/whiteis01.html
Hassan Whiteside,https://www.basketball-reference.com/players/w/whiteha01.html
Andrew Wiggins,https://www.basketball-reference.com/players/w/wiggian01.html
Jacob Wiley,https://www.basketball-reference.com/players/w/wileyja01.html
Damien Wilkins,https://www.basketball-reference.com/players/w/wilkida02.html
Alan Williams,https://www.basketball-reference.com/players/w/willial03.html
C.J. Williams,https://www.basketball-reference.com/players/w/willicj01.html
Derrick Williams,https://www.basketball-reference.com/players/w/willide02.html
Lou Williams,https://www.basketball-reference.com/players/w/willilo02.html
Marvin Williams,https://www.basketball-reference.com/players/w/willima02.html
Matt Williams,https://www.basketball-reference.com/players/w/willima05.html
Troy Williams,https://www.basketball-reference.com/players/w/willitr02.html
D.J. Wilson,https://www.basketball-reference.com/players/w/wilsodj01.html
Jamil Wilson,https://www.basketball-reference.com/players/w/wilsoja02.html
Justise Winslow,https://www.basketball-reference.com/players/w/winslju01.html
Jeff Withey,https://www.basketball-reference.com/players/w/witheje01.html
Nate Wolters,https://www.basketball-reference.com/players/w/woltena01.html
Brandan Wright,https://www.basketball-reference.com/players/w/wrighbr03.html
Delon Wright,https://www.basketball-reference.com/players/w/wrighde01.html
,
Guerschon Yabusele,https://www.basketball-reference.com/players/y/yabusgu01.html
James Young,https://www.basketball-reference.com/players/y/youngja01.html
Joe Young,https://www.basketball-reference.com/players/y/youngjo01.html
Nick Young,https://www.basketball-reference.com/players/y/youngni01.html
Thaddeus Young,https://www.basketball-reference.com/players/y/youngth01.html
,
Cody Zeller,https://www.basketball-reference.com/players/z/zelleco01.html
Tyler Zeller,https://www.basketball-reference.com/players/z/zellety01.html
Paul Zipser,https://www.basketball-reference.com/players/z/zipsepa01.html
Ante Zizic,https://www.basketball-reference.com/players/z/zizican01.html
Ivica Zubac,https://www.basketball-reference.com/players/z/zubaciv01.html